[
    {
        "nume": "Cremă de zahăr ars",
        "ingrediente": "Ingrediente pentru cremă de zahăr ars",
        "preparare": "Mod de preparare cremă de zahăr ars",
        "timp": "80 de minute"
    },
    {
        "nume": "Waffe de post",
        "ingrediente": "Ingrediente pentru waffe de post",
        "preparare": "Mod de preparare pentru waffe de post",
        "timp": "60 de minute"
    },
    {
        "nume": "Papanași",
        "ingrediente": "Ingrediente pentru papanași",
        "preparare": "Mod de preparare pentru papanași",
        "timp": "70 de minute"

    },
    {
        "nume": "Ciocolată de casă",
        "ingrediente": "Ingrediente pentru ciocolată de casă",
        "preparare": "Mod de preparare pentru ciocolată de casă",
        "timp": "30 de minute"
    }, 
    {
        "nume": "Ciocolată de casă",
        "ingrediente": "Ingrediente pentru ciocolată de casă",
        "preparare": "Mod de preparare pentru ciocolată de casă",
        "timp": "30 de minute"
    }
    
]
