[
  {
    "nume": "Ionescu",
    "prenume": "Adriana",
    "email": "adrianaionescu@gmail.com",
    "data": "2009-02-11",
    "bgColor": "#d99726",
    "ciocolata": true,
    "frisca": false,
    "fistic": false,
    "vanilie": false,
    "altul": false,
    "messageType": "question",
    "comentari": "Cu ce pot masura cantitatea da ca nu am cantar de bucatarie?"
  },
  {
    "nume": "Matei",
    "prenume": "Madalina",
    "email": "mateimadalina@gmail.com",
    "data": "1999-11-24",
    "bgColor": "#291782",
    "ciocolata": false,
    "frisca": true,
    "fistic": false,
    "vanilie": true,
    "altul": false,
    "messageType": "newRecipe",
    "comentari": "Vreau o reteta de briose"
  },
  {
    "nume": "Matusoiu",
    "prenume": "Georgiana",
    "email": "matusoiugeorgiana7@gmail.com",
    "data": "2024-05-01",
    "bgColor": "#000000",
    "ciocolata": true,
    "frisca": false,
    "fistic": false,
    "vanilie": false,
    "altul": false,
    "messageType": "question",
    "comentari": "ddd\n"
  }
]